id;code;name;email;phone;address;status;created_at;updated_at
1;haX;than voluntarily upright;"Vlc@\.rvp2;)";"5531517398";secondary whoa;INACTIVE;2025-09-08T04:57:41;2025-09-08T13:30:20
2;inasmuch;prohibition than beyond;"OE&4@#.|o[z";"8(94+-";across modulo;SUSPENDED;2025-09-07T16:42:53;2025-09-08T00:45:21
3;bruised egg puritan;despite legal vice;"n0@A^g%:_.O5dLZ";"56108+1+43";bump selfishly mild;INACTIVE;2025-09-07T23:02:05;2025-09-08T09:31:53
4;and;cone miserly;"$!X{@wH4q{.z)w*M";"-71 1 595))856422-14";than uh-huh;INACTIVE;2025-09-08T01:27:09;2025-09-08T14:04:31
5;fuss messy dash;considering explode furthermore;"2h9@CjW.dE!c";"6084+ 71(26+-)-++4";daddy than generally;INACTIVE;2025-09-07T20:20:24;2025-09-08T08:59:24
6;than digitize;randomize excepting down;"dC[@$9.gey0";"7805-(6233(01 675+";mmm hydrolyze morning;SUSPENDED;2025-09-08T04:32:29;2025-09-07T19:27:38
7;musty aha;guide near;"~@<mY8B.dhC7z";"5+5-2+31(351658)4";astride executor;SUSPENDED;2025-09-08T01:28:43;2025-09-08T02:09:33
8;ack which;yahoo;"--JHbD@S$49.qDvwtZ";"-6920663";yuck brook;ACTIVE;2025-09-08T08:18:04;2025-09-08T02:32:13
9;questionably afore;motionless colour sedately;"o{Iu@7>sQXl.gcZNU";"95+74118)14(5529167";snack trustworthy;INACTIVE;2025-09-08T01:00:20;2025-09-08T15:31:33
10;but zowie;caring;"tmHW@pI.pz:a";"-)6(78+14+-5)91";ouch pish minus;INACTIVE;2025-09-07T19:42:02;2025-09-08T15:27:37
