id;app_code;config_key;config_value;created_at;updated_at
1;hovel;solidly ew;because;2025-09-11T16:12:38;2025-09-11T09:57:12
2;disconnection geez until;who enthusiastically outfit;as aw instantly;2025-09-11T10:59:49;2025-09-11T10:31:42
3;huge;phooey;lest honestly;2025-09-11T11:31:09;2025-09-11T14:55:47
4;that quart rowdy;mysteriously fooey until;pecan sorrowful lest;2025-09-11T07:23:30;2025-09-11T14:15:03
5;inquisitively tame;same likely;so so tenant;2025-09-11T21:48:08;2025-09-11T23:34:17
6;fraternise;definite obedient relaunch;amidst gee;2025-09-11T06:33:08;2025-09-11T21:27:26
7;wallaby hmph;great furiously tensely;ugh orchid blah;2025-09-11T21:18:45;2025-09-11T23:43:51
8;for lest masticate;during secret;since defiantly failing;2025-09-11T14:17:12;2025-09-11T15:58:10
9;yum;bravely once mockingly;upon;2025-09-11T12:11:29;2025-09-11T21:37:36
10;till terribly joshingly;lovingly an dependable;cruelly whoa loudly;2025-09-11T21:06:33;2025-09-11T13:13:27
