id;ticket_id;comment_id;name;url;content_type;size;uploaded_at
1;15305;28172;drain;https://gaseous-octave.biz;accidentally question oddly;32067;2025-09-07T21:34:19
2;2355;16551;cop-out hm;https://awesome-husband.com/;woot uh-huh;9955;2025-09-08T03:33:14
3;6203;26155;ethical;https://near-instructor.biz;tomorrow aw needily;28543;2025-09-08T00:45:11
4;19748;16525;pfft;https://celebrated-lifestyle.info/;once;27023;2025-09-07T21:43:03
5;1644;13156;interesting incidentally;https://definite-reporter.name/;reel well-off;10091;2025-09-08T02:15:30
6;19903;8896;portray;https://scented-resource.com;obvious amongst reconsideration;4481;2025-09-07T09:36:58
7;26814;28746;SUV oh;https://devoted-dash.net;oxidise anenst;28591;2025-09-07T19:29:52
8;14942;31304;pearl supposing flame;https://punctual-mozzarella.name;yuck major before;8138;2025-09-07T21:01:17
9;7647;228;mutate gah louse;https://trusting-recovery.name;pile gloss;9738;2025-09-07T12:08:50
10;7135;455;dependent deer;https://instructive-pick.name;giving nearly;10453;2025-09-08T04:56:08
