id;code;name;address;created_at;updated_at
1;instantly;in aw flashy;barracks swordfish fortunately;2025-09-11T09:35:28;2025-09-12T03:45:55
2;out coop;amid dial;waterspout;2025-09-12T01:04:57;2025-09-11T13:18:41
3;faraway since pear;throughout woot um;yawn why;2025-09-11T17:16:26;2025-09-11T09:58:32
4;wrongly whirlwind;yippee among dishearten;carnival more decongestant;2025-09-12T00:49:39;2025-09-12T02:35:42
5;aboard finer next;lonely consequently ugh;treble;2025-09-12T01:48:34;2025-09-11T10:25:05
6;interesting;recede behind;which without;2025-09-11T09:12:55;2025-09-11T17:24:47
7;giggle;exempt puff bolster;improbable what kindly;2025-09-11T15:20:49;2025-09-11T12:44:00
8;swift;standard;zowie yum;2025-09-12T01:25:43;2025-09-11T08:07:00
9;crest;provision calculating;necessary plus;2025-09-11T17:46:29;2025-09-11T21:32:34
10;lined;showboat huzzah yahoo;exasperation spook oh;2025-09-11T16:31:47;2025-09-11T21:20:20
